Country Name,Country Code,Series Name,Series Code,1990,1991,1992,1993,1994,1995,1996,1997,1998,1999,2000,2001,2002,2003,2004,2005,2006,2007,2008,2009,2010,2011,2012,2013,2014,2015,2016,2017
Afghanistan,AFG,"Agriculture, forestry, and fishing, value added (% of GDP)",NV.AGR.TOTL.ZS,,,,,,,,,,,,,37.93882062,36.86305768,29.39119563,30.78796707,28.28973831,29.79896553,24.69382301,29.13592844,26.07825278,23.57796869,23.64363865,22.58745316,22.00929802,20.54696588,20.96589761,
Albania,ALB,"Agriculture, forestry, and fishing, value added (% of GDP)",NV.AGR.TOTL.ZS,35.90078991,39.29529516,51.64187027,54.64097649,53.62098061,55.81214471,35.14885269,30.18670244,27.0722161,24.38560683,23.49864212,21.94827263,21.60039468,21.46859751,20.18078929,18.61080499,17.52964382,17.12855059,16.8370881,16.79440198,17.95585567,18.22676552,18.76679889,19.56517557,19.99015344,19.78021824,19.90672379,18.96194984
Algeria,DZA,"Agriculture, forestry, and fishing, value added (% of GDP)",NV.AGR.TOTL.ZS,10.38143207,9.22439306,11.20015268,11.20068626,9.232316394,9.544860947,10.80933823,8.729587829,11.47500357,11.10697532,8.395058708,9.749430453,9.224986381,9.810553016,9.440471616,7.69131219,7.543077641,7.570631122,6.586677504,9.343366551,8.466441856,8.110347356,8.770688039,9.851117934,10.28639951,11.58603316,12.29577969,12.26489642
American Samoa,ASM,"Agriculture, forestry, and fishing, value added (% of GDP)",NV.AGR.TOTL.ZS,,,,,,,,,,,,,,,,,,,,,,,,,,,,
Andorra,AND,"Agriculture, forestry, and fishing, value added (% of GDP)",NV.AGR.TOTL.ZS,,,,,,,,,,,0.487497832,0.459110473,0.406166344,0.444193488,0.442399276,0.405274295,0.382391576,0.399345782,0.442280559,0.43493937,0.499694105,0.534685933,0.612256498,0.577337773,0.496149201,0.470194705,0.492101388,
Angola,AGO,"Agriculture, forestry, and fishing, value added (% of GDP)",NV.AGR.TOTL.ZS,16.39071305,28.57142857,7.894736842,10.54421769,6.075800029,6.653213722,7.026869166,9.002017942,12.91118241,6.290256828,5.664689564,8.156377022,,,,,,,,,,,,,,,,
Antigua and Barbuda,ATG,"Agriculture, forestry, and fishing, value added (% of GDP)",NV.AGR.TOTL.ZS,1.780738638,1.780307058,1.802680609,1.745431468,1.57653988,1.643054474,1.615436913,1.718979214,1.666680575,1.667635776,1.589539743,1.612725299,1.730291789,1.749526585,1.609971056,1.757817673,1.653204551,1.607652611,1.549311488,1.496707093,1.627626225,1.925529231,1.88087874,1.998156663,1.570678402,1.674554131,1.642376541,1.630647341
Argentina,ARG,"Agriculture, forestry, and fishing, value added (% of GDP)",NV.AGR.TOTL.ZS,8.123676208,6.71649176,5.990787091,5.136826313,5.082640615,5.35147322,5.610881509,5.221966885,5.252748594,4.457839399,4.679917137,4.568533114,10.20666709,10.3282173,8.36248661,7.938754274,6.935572291,7.452353946,7.318954597,5.273623469,7.132167451,6.99873377,5.781744207,6.052918437,6.712703514,5.156685902,6.35390414,5.60797454
Armenia,ARM,"Agriculture, forestry, and fishing, value added (% of GDP)",NV.AGR.TOTL.ZS,15.98091831,23.61651399,28.48576679,49.25576224,43.46296693,40.69077289,34.79504767,29.41324163,30.84724892,26.95911714,23.21347903,25.59000229,23.44903017,21.52904143,22.59552606,19.09592257,18.71557898,18.24986281,16.3084468,16.91179574,16.99914863,20.32534825,17.91268195,18.43476288,18.07203635,17.22312003,16.39047353,14.93797834
Aruba,ABW,"Agriculture, forestry, and fishing, value added (% of GDP)",NV.AGR.TOTL.ZS,,,,,0.50398992,0.507614213,0.48582996,0.437636761,0.40254948,0.383292096,0.410021828,0.405263479,0.402353104,0.40131228,0.391614142,0.38657879,0.39359179,0.401578207,0.381582396,0.448459566,0.449380715,0.459125112,,,,,,
Australia,AUS,"Agriculture, forestry, and fishing, value added (% of GDP)",NV.AGR.TOTL.ZS,4.208360772,3.181847788,3.053458606,3.263880118,3.349279215,3.021633065,3.392159576,3.243344481,3.038954458,3.063079924,3.120484097,3.504851256,3.94963545,2.889731561,3.065047692,2.886518942,2.728681485,2.204037248,2.341765208,2.295077016,2.201174832,2.280410601,2.258752004,2.282509346,2.220048428,2.372696749,2.430579825,2.766645923
Austria,AUT,"Agriculture, forestry, and fishing, value added (% of GDP)",NV.AGR.TOTL.ZS,3.097119719,2.81128193,2.453334761,2.204440982,2.371545955,2.158596332,1.982470995,1.905483443,1.793343924,1.722217322,1.647300213,1.670703396,1.562774411,1.491931898,1.476474393,1.259399635,1.303189459,1.41639156,1.342223027,1.146817768,1.267327672,1.401914934,1.34855139,1.254721216,1.200945336,1.111554694,1.101588998,1.127294759
Azerbaijan,AZE,"Agriculture, forestry, and fishing, value added (% of GDP)",NV.AGR.TOTL.ZS,26.50068213,30.48278443,26.05962532,27.0954024,32.34761424,25.17574281,24.75920721,20.12741112,18.14905453,18.39908028,16.08528857,14.8355783,13.95477728,12.42599594,10.98789023,9.1,7.1,6.7,5.6,6.1,5.5,5.1,5.139769508,5.36626448,5.3,6.2,5.6,5.630989333
"Bahamas, The",BHS,"Agriculture, forestry, and fishing, value added (% of GDP)",NV.AGR.TOTL.ZS,2.208528111,2.833734041,2.663010614,2.461287193,2.675084382,2.834149898,2.646910502,1.561818974,1.378559449,1.26759042,1.344646857,1.198629931,1.513315828,1.347224211,1.16175186,1.064435453,1.170424648,1.093391246,1.043131294,0.909640992,1.097490432,1.092304713,1.072711161,0.914599721,0.85239977,0.818330606,0.880156773,1.001471785
Bahrain,BHR,"Agriculture, forestry, and fishing, value added (% of GDP)",NV.AGR.TOTL.ZS,0.949346076,0.882139771,0.909897,0.851378305,0.860341986,0.862944479,,,,,,,,,,,,0.29227169,0.26481051,0.337400302,0.297677228,0.290850277,0.275737043,0.274788371,0.299909669,0.315466039,0.333018733,0.29181619
Bangladesh,BGD,"Agriculture, forestry, and fishing, value added (% of GDP)",NV.AGR.TOTL.ZS,30.4898331,31.67702324,30.51752524,27.32108582,26.72553755,27.3043698,23.26620805,23.24614375,22.58741576,22.65841112,22.71814808,21.84834058,20.58413442,19.8127183,19.26695957,18.57103955,18.03401651,17.80653678,17.59569554,17.10462905,17.00118126,16.80998676,16.17756317,15.493278,15.3516209,14.78299741,14.04554784,13.41346464
Barbados,BRB,"Agriculture, forestry, and fishing, value added (% of GDP)",NV.AGR.TOTL.ZS,3.425482246,3.480393371,3.447126967,3.246264123,2.44054635,3.138806462,3.267367553,2.619261224,1.954543882,2.28780826,1.955790485,2.07594693,1.851968703,1.939020108,1.610539645,1.554922639,1.443507747,1.352859906,1.22848523,1.421950587,1.317898087,1.225085284,1.317555596,1.441734417,1.380103508,1.344851281,1.379980349,
Belarus,BLR,"Agriculture, forestry, and fishing, value added (% of GDP)",NV.AGR.TOTL.ZS,22.94688222,22.22222222,22.82608696,17.15736041,13.58961389,15.76649671,15.0985983,13.41793201,12.06176361,12.70055756,12.09682717,10.35042974,10.12843222,8.635627708,8.850251441,8.518590809,8.578727592,8.303169959,8.666253694,8.372101145,8.891930229,8.001887744,8.130942683,6.809092448,7.303056977,6.283207583,6.895280624,7.770891358
Belgium,BEL,"Agriculture, forestry, and fishing, value added (% of GDP)",NV.AGR.TOTL.ZS,,,,,,1.300328236,1.321000415,1.330007209,1.245940118,1.068027155,1.167948509,1.103659904,1.026666051,1.02453151,1.016702443,0.836969727,0.903379976,0.884998368,0.707919063,0.649461797,0.76242021,0.643909109,0.784515927,0.687975067,0.649330198,0.683393839,0.617491913,0.617812139
Belize,BLZ,"Agriculture, forestry, and fishing, value added (% of GDP)",NV.AGR.TOTL.ZS,17.37077836,15.86486576,15.96142591,15.11297726,15.07264097,15.93323867,15.80781273,15.42513931,14.76305727,15.55748835,14.64928925,13.10231246,12.68579865,14.49471541,14.33244269,13.3074178,12.72389508,11.53178114,10.97617927,11.21103162,11.49666478,11.44511493,13.06331171,13.44273318,13.46865569,12.57330056,10.59378042,10.85418934
Benin,BEN,"Agriculture, forestry, and fishing, value added (% of GDP)",NV.AGR.TOTL.ZS,34.65494536,35.0437735,33.94190414,34.1194608,32.29399457,33.09015959,35.70530039,35.78193016,36.57664979,23.18096733,22.88978789,22.95006871,23.87036167,22.80817693,24.75508666,24.7138685,25.2370858,24.27472912,23.9691932,23.76760563,22.73622617,22.84389238,22.30364479,21.34568201,21.46473591,22.49276072,23.24041643,22.44791322
Bermuda,BMU,"Agriculture, forestry, and fishing, value added (% of GDP)",NV.AGR.TOTL.ZS,,,,,,,0.8,0.8,0.7,0.7,0.668952155,0.69232761,0.795458124,0.821851058,0.844158465,0.801641532,0.856786816,0.767576447,0.790533047,0.740341053,0.748048452,0.788755292,0.740816721,0.745266618,,,,
Bhutan,BTN,"Agriculture, forestry, and fishing, value added (% of GDP)",NV.AGR.TOTL.ZS,34.37769466,32.88294509,33.42482401,31.39581436,33.42737403,30.84498839,30.1659345,30.0140516,28.49508996,26.33325449,26.80119971,25.57252384,25.518089,24.38801694,23.97530869,22.33718603,21.40748853,18.67117458,18.40978938,18.2268568,16.79770197,16.32532702,15.96461884,16.10386948,16.77181465,16.74089014,16.52247565,15.18096554
Bolivia,BOL,"Agriculture, forestry, and fishing, value added (% of GDP)",NV.AGR.TOTL.ZS,15.35359787,15.54209756,14.40420249,14.64796411,15.24428595,14.85929937,14.18467931,14.91825951,12.62543215,13.25799236,12.96581268,13.25565282,12.95511892,13.42723687,13.3223838,11.7927212,10.93754787,10.01115609,10.44240446,11.1524078,10.38990534,9.769585695,9.812161627,9.966979368,9.740217371,10.23949424,11.17187546,11.58933611
Bosnia and Herzegovina,BIH,"Agriculture, forestry, and fishing, value added (% of GDP)",NV.AGR.TOTL.ZS,,,,,35.85332285,20.69999851,20.70000031,17.51804573,15.96041002,13.26300159,8.903454084,8.867660422,8.274144274,7.341199683,8.853562029,8.286845165,8.046535331,7.698948232,7.20726994,7.076599733,6.796760081,6.757745777,6.13767227,6.841390006,5.951059096,6.238864449,6.370225643,5.823784918
Botswana,BWA,"Agriculture, forestry, and fishing, value added (% of GDP)",NV.AGR.TOTL.ZS,4.526150858,4.376895524,4.632785011,4.521192563,3.756143634,4.637720944,3.690994049,3.542705617,3.166864256,2.990765494,2.794699789,2.59029062,2.425615993,2.722386955,2.25958535,1.828380524,2.048364708,2.240732656,2.526018242,2.819081868,2.488037773,2.457929961,2.646474062,2.298528876,2.087683863,2.200729123,2.049429945,1.989754193
Brazil,BRA,"Agriculture, forestry, and fishing, value added (% of GDP)",NV.AGR.TOTL.ZS,6.873300859,6.788806688,6.779952159,6.563569585,8.536411053,5.011666465,4.768411211,4.685047029,4.750044784,4.64598154,4.750459976,4.801043016,5.475274893,6.167184386,5.665311576,4.651168844,4.370043895,4.416915316,4.567851257,4.476774029,4.115756488,4.342034128,4.168328224,4.506886182,4.325610539,4.319149429,4.891386086,4.565112604
British Virgin Islands,VGB,"Agriculture, forestry, and fishing, value added (% of GDP)",NV.AGR.TOTL.ZS,,,,,,,,,,,,,,,,,,,,,,,,,,,,
Brunei Darussalam,BRN,"Agriculture, forestry, and fishing, value added (% of GDP)",NV.AGR.TOTL.ZS,0.966141671,1.022053167,0.965209098,1.077333434,1.198708954,1.161527571,1.122112852,1.227343527,1.410283186,1.234980121,1.024413492,1.134567236,1.093569608,1.222196519,1.127453453,0.946593335,0.706141843,0.689655172,0.635849769,0.908956973,0.733012306,0.575033258,0.655379574,0.684659216,0.863199099,1.102486219,1.20365491,1.085006156
Bulgaria,BGR,"Agriculture, forestry, and fishing, value added (% of GDP)",NV.AGR.TOTL.ZS,17.74596502,15.39056743,11.61802789,9.93442623,11.49162861,13.05911407,11.58048374,20.59738501,13.75606451,13.05956879,11.0361432,10.65886313,9.763016843,9.107595024,8.456860961,7.288469701,6.117690829,4.649951153,5.877049147,4.238352887,4.158742726,4.595170817,4.559557243,4.595260089,4.565788199,4.136738424,4.054822113,3.744559272
Burkina Faso,BFA,"Agriculture, forestry, and fishing, value added (% of GDP)",NV.AGR.TOTL.ZS,27.95002227,29.79326533,28.80981128,30.23105157,32.94777027,33.21721709,36.37917327,33.7387787,36.56355608,30.5814192,30.78931083,36.18426187,35.78034786,34.36555091,31.61584315,35.29344191,33.9587366,29.93549337,37.00496829,32.3929117,32.54025624,30.79102476,31.48340396,31.66615924,31.36401132,30.27166607,29.01318689,27.82154033
Burundi,BDI,"Agriculture, forestry, and fishing, value added (% of GDP)",NV.AGR.TOTL.ZS,51.05685018,48.59791032,48.00452171,47.16981169,40.73232545,42.02269313,53.38092151,42.42186415,44.53870405,47.63530413,44.10704011,43.84314206,43.33361124,42.8412837,41.90260497,40.84740152,40.64289532,34.35348647,37.23899733,36.99635976,36.96887385,36.9017589,37.06934063,36.31332097,35.67010896,37.07412419,36.35880334,
Cabo Verde,CPV,"Agriculture, forestry, and fishing, value added (% of GDP)",NV.AGR.TOTL.ZS,14.39070453,13.39300681,11.79420025,10.13642607,12.85895303,13.68056848,12.44848107,11.68065177,10.94724964,13.64336994,12.8717827,11.41576602,10.35147125,10.14369825,9.863467719,9.001187323,8.318712135,8.517737652,7.751864553,8.319046095,7.989777314,7.843176073,8.446544441,8.279068042,8.015767485,8.743695985,8.461612773,6.407039031
Cambodia,KHM,"Agriculture, forestry, and fishing, value added (% of GDP)",NV.AGR.TOTL.ZS,,,,45.29438218,45.55770954,47.72456021,44.46307956,44.44721268,44.47995896,40.90385299,35.68562535,34.32030026,31.12904348,31.97082205,29.38975764,30.71005759,30.05876192,29.69654194,32.75105777,33.49071752,33.87667876,34.55731403,33.51960361,31.59506243,28.87130353,26.58036001,24.74266442,23.38146273
Cameroon,CMR,"Agriculture, forestry, and fishing, value added (% of GDP)",NV.AGR.TOTL.ZS,23.99487034,24.25902647,26.57966518,15.16246038,16.89470688,17.8661971,17.68849565,18.18009709,17.59254742,18.32351037,16.73646394,17.4293321,16.45167769,15.90761058,15.54837008,14.08356658,13.24024055,13.17893793,13.0957245,13.65706094,14.067657,13.47965227,13.72152458,13.89889921,14.22619681,14.77247235,15.32992934,15.27771093
Canada,CAN,"Agriculture, forestry, and fishing, value added (% of GDP)",NV.AGR.TOTL.ZS,,,,,,,,,,,,,,,,,,1.407025723,1.597654579,1.375939874,1.33166399,1.605663978,1.647293626,1.725293697,1.424795747,,,
Cayman Islands,CYM,"Agriculture, forestry, and fishing, value added (% of GDP)",NV.AGR.TOTL.ZS,,,,,,,,,,,,,,,,,0.252791339,0.268605826,0.282316132,0.330867691,0.333062872,0.340817112,0.344416342,,,,,
Central African Republic,CAF,"Agriculture, forestry, and fishing, value added (% of GDP)",NV.AGR.TOTL.ZS,45.26774675,43.04946123,43.93173554,43.844431,42.80708288,44.0648771,50.16041495,51.41641895,51.53982158,48.30976728,49.50061309,51.02570743,50.90021681,54.26917559,52.60911104,52.18920467,52.55639226,51.18026714,52.55798259,51.08442774,50.2888287,51.58552512,50.74993635,43.77255908,40.59431391,39.99805339,40.47354164,39.63491261
Chad,TCD,"Agriculture, forestry, and fishing, value added (% of GDP)",NV.AGR.TOTL.ZS,27.8887351,35.50774911,34.32443894,31.37189478,37.21826977,35.05869459,37.54791875,38.34466366,39.00494665,38.06880108,40.70509403,40.2954383,37.9029524,32.28602338,22.89717623,53.81412435,55.77192044,54.67325498,54.5898348,46.54939263,51.94562302,51.19620013,54.89981381,50.04519248,50.64757656,50.21298666,49.45285022,48.58575544
Channel Islands,CHI,"Agriculture, forestry, and fishing, value added (% of GDP)",NV.AGR.TOTL.ZS,,,,,,,,,,,,,,,,,,,,,,,,,,,,
Chile,CHL,"Agriculture, forestry, and fishing, value added (% of GDP)",NV.AGR.TOTL.ZS,7.542353314,8.477062415,8.388103416,7.247513787,6.700865794,6.218212247,5.44562552,5.437201213,5.704290844,5.636934159,5.377918724,4.408927792,4.435255293,4.455067681,4.06381132,4.13388036,3.87711014,3.7105011,3.710723945,3.741181593,3.615889645,3.671206594,3.304780976,3.381868051,3.928128427,3.760876024,4.025773343,3.834743464
China,CHN,"Agriculture, forestry, and fishing, value added (% of GDP)",NV.AGR.TOTL.ZS,26.58430812,24.03406739,21.32886138,19.3074684,19.47428273,19.59651961,19.32548555,17.89527674,17.15903476,16.06478847,14.67624166,13.98346135,13.30148771,12.34899897,12.91664817,11.6414956,10.62576053,10.28299697,10.25089863,9.786188981,9.530192941,9.434516062,9.419936158,9.295189652,9.059922416,8.832724007,8.562942661,7.91511092
Colombia,COL,"Agriculture, forestry, and fishing, value added (% of GDP)",NV.AGR.TOTL.ZS,16.23529856,17.02445863,15.48079033,13.55878512,14.83153787,14.01806597,12.76881903,12.60647115,13.23578965,13.00077152,8.305719533,8.320972677,8.510005177,8.328774165,7.910983162,7.725572972,7.363674726,7.118532403,6.866255491,6.862618821,6.502007619,6.24655183,5.788720944,5.594675277,5.663714476,6.042071181,6.671482947,6.459001123
Comoros,COM,"Agriculture, forestry, and fishing, value added (% of GDP)",NV.AGR.TOTL.ZS,41.42110057,39.65819331,39.51006273,39.11056919,37.61683753,40.89181219,40.89130631,40.89352261,40.92945658,40.9497772,38.89620391,40.89154814,41.09164212,41.09187038,41.08844753,41.22451125,40.97222222,40.83160441,42.56361805,42.59393939,39.57402972,38.78690026,36.86808612,35.89626885,34.52633186,33.58358966,,
"Congo, Dem. Rep.",COD,"Agriculture, forestry, and fishing, value added (% of GDP)",NV.AGR.TOTL.ZS,30.14991592,40,49.15254237,51.30014859,56.54402804,56.54398926,33.26198154,47.50000059,46.49996743,52.36616493,31.97235827,32.87090402,26.58377932,26.05383881,23.87935949,21.57938225,21.21006065,21.6022053,22.61867976,23.6746667,21.42849112,20.91707601,20.44106071,19.31666763,18.56251731,18.3703885,18.59975364,19.89298575
"Congo, Rep.",COG,"Agriculture, forestry, and fishing, value added (% of GDP)",NV.AGR.TOTL.ZS,12.86089239,11.31780929,11.52756311,11.24851993,10.31393786,10.4525658,8.986689236,9.139190086,10.95556908,8.355757952,5.304252999,5.799931651,6.261580123,6.275223939,5.509406303,4.544180397,3.960322565,4.327298473,3.676959489,4.505890479,3.830407012,3.383113301,3.925774106,4.362166032,4.834284371,7.243495885,8.729036765,7.242851637
Costa Rica,CRI,"Agriculture, forestry, and fishing, value added (% of GDP)",NV.AGR.TOTL.ZS,11.09030379,11.98999978,11.94961075,11.88474688,12.38393033,12.83029097,12.16513871,12.56537941,12.68091851,11.1560577,9.288488817,8.412610565,8.465549727,8.879019987,8.891412665,8.66216645,8.471904394,7.956961705,7.019993743,7.091922108,6.5871781,5.838476033,5.40932984,5.043542201,5.124801704,4.956676892,5.191769207,5.203186393
Cote d'Ivoire,CIV,"Agriculture, forestry, and fishing, value added (% of GDP)",NV.AGR.TOTL.ZS,32.49842767,33.29394293,34.00968692,28.21520627,25.26363051,24.7276058,24.60262093,23.31943262,24.17700335,23.2029349,24.98911571,25.92645228,27.27005039,28.78085502,23.58975972,22.59324627,22.62521288,21.99480637,22.67704581,21.20021808,24.52942756,26.69084941,22.53255719,20.97862591,21.05143674,22.73562326,20.9363479,20.46222459
Croatia,HRV,"Agriculture, forestry, and fishing, value added (% of GDP)",NV.AGR.TOTL.ZS,,,,,,5.987277377,5.87738486,5.500879526,5.704280246,5.811723372,5.332974066,5.342269015,5.256923017,4.331383585,4.678977869,4.234411953,4.349751335,4.111060004,4.23117385,4.357970124,4.160129445,4.013419985,3.793075229,3.705289401,3.500872863,3.523578907,3.426156864,3.293120944
Cuba,CUB,"Agriculture, forestry, and fishing, value added (% of GDP)",NV.AGR.TOTL.ZS,13.04054905,12.7759468,12.42661938,9.571153019,7.899807702,6.883297723,7.133463643,7.186728797,6.11742204,6.12417967,6.601255014,6.379567205,5.945728703,5.745211859,5.47443918,4.36365212,3.405014523,3.908101679,3.817038695,3.930412371,3.614289268,3.604870271,3.850097756,3.924923524,3.93770589,3.835754159,,
Curacao,CUW,"Agriculture, forestry, and fishing, value added (% of GDP)",NV.AGR.TOTL.ZS,,,,,,,,,,,,,,,,,,,,,,,,,,,,
Cyprus,CYP,"Agriculture, forestry, and fishing, value added (% of GDP)",NV.AGR.TOTL.ZS,6.859176782,6.191348558,5.723677562,5.612727121,5.067521817,4.776135122,4.577946768,3.920753013,4.334334881,3.898532461,3.64755426,3.86110369,3.787966565,3.353170595,3.083678316,2.738842492,2.276220809,2.023762151,2.093549405,1.988914772,2.104199591,2.18690291,1.978480941,2.011521182,1.824388415,1.84872055,1.809639335,
Czech Republic,CZE,"Agriculture, forestry, and fishing, value added (% of GDP)",NV.AGR.TOTL.ZS,,,,4.17842693,4.195483126,3.962502372,3.620881,3.31623888,3.396914539,3.121587109,3.115248301,3.006024587,2.562980023,2.362703718,2.305021741,2.212052873,2.072849051,1.963794332,1.935008351,1.642297277,1.519509073,2.147676297,2.349706102,2.403634049,2.473927213,2.227911979,2.206216323,2.192004873
Denmark,DNK,"Agriculture, forestry, and fishing, value added (% of GDP)",NV.AGR.TOTL.ZS,3.287332112,3.029697345,2.791831977,2.692182589,2.600962865,2.851855747,2.792677367,2.637137704,2.144625409,1.941006233,2.151838253,2.339510881,1.781147028,1.610787116,1.622508883,1.14566099,1.165218218,1.174400248,0.857799464,0.83361254,1.201926528,1.312123211,1.654721209,1.302135021,1.382469406,0.802867928,0.800789172,1.145683525
Djibouti,DJI,"Agriculture, forestry, and fishing, value added (% of GDP)",NV.AGR.TOTL.ZS,,,,,,,,,,,,,,,,,,,,,,,,1.842562428,1.868208361,1.776889864,1.942531155,2.190564449
Dominica,DMA,"Agriculture, forestry, and fishing, value added (% of GDP)",NV.AGR.TOTL.ZS,19.79014987,19.09934808,18.09199131,17.34620128,17.67510365,14.90831774,16.0363396,15.4649841,15.05296493,15.03902504,11.82047703,11.19966413,10.69579223,10.82431193,10.97154246,11.2985503,10.49785323,10.447087,11.56521095,12.55133382,11.46634937,12.50110688,12.01902888,13.88178359,13.36612613,14.20335208,16.07535801,15.68419821
Dominican Republic,DOM,"Agriculture, forestry, and fishing, value added (% of GDP)",NV.AGR.TOTL.ZS,13.42282543,12.50573116,12.01283711,10.78149619,9.994485201,9.81477761,9.193402464,9.144299035,8.991809962,7.821030714,6.718342047,6.997518613,6.805119218,6.693849844,7.020472993,7.211935284,6.85871932,6.511573911,6.335822168,6.137352516,6.057457826,5.636860249,5.401093851,5.304865946,5.236957034,5.602784823,5.784516602,5.667499848
Ecuador,ECU,"Agriculture, forestry, and fishing, value added (% of GDP)",NV.AGR.TOTL.ZS,20.52100539,20.86307683,18.922117,23.40315896,22.14594596,21.91216882,20.7500581,20.10877373,17.47594546,17.57135182,15.40454427,12.65726659,11.23092289,10.84329972,9.691921337,9.481169299,9.408136106,9.355655707,8.965682892,9.913941346,9.733118078,9.601116667,8.642412749,8.769342903,9.126508259,9.454851422,9.544878691,9.494469249
"Egypt, Arab Rep.",EGY,"Agriculture, forestry, and fishing, value added (% of GDP)",NV.AGR.TOTL.ZS,18.44749794,17.17839292,15.58590942,15.73904639,15.71428571,15.71078431,16.11508282,15.75103422,15.88448156,15.90864759,15.53807704,15.35126847,15.40485616,15.28670659,14.26993612,13.9818013,13.23720253,13.42012621,12.63024009,12.99794665,13.34075916,13.8691051,11.27276527,11.2743496,11.33770892,11.39408323,11.76931597,11.4852853
El Salvador,SLV,"Agriculture, forestry, and fishing, value added (% of GDP)",NV.AGR.TOTL.ZS,16.01367717,15.79239198,12.96503235,12.72881039,12.46178209,11.52887916,10.8503279,10.91455684,9.468184644,7.933731572,7.172784777,6.686492598,5.822984198,5.488397134,5.727925913,6.171638411,6.046189803,6.993103808,7.090131587,6.66857634,6.98173416,7.330168385,6.514348326,5.616769469,5.867982902,5.813706866,5.946947435,5.796523759
Equatorial Guinea,GNQ,"Agriculture, forestry, and fishing, value added (% of GDP)",NV.AGR.TOTL.ZS,,,,,,,,,,,,,,,,,1.518255278,1.372884044,0.89269612,1.058199791,1.061371286,1.053502388,1.055657046,1.19199068,1.294248772,1.888390976,2.37337941,2.28745464
Eritrea,ERI,"Agriculture, forestry, and fishing, value added (% of GDP)",NV.AGR.TOTL.ZS,,,27.3517172,19.43513447,21.91316561,18.81166707,16.22737377,15.11534275,23.36708701,22.72233597,12.59042177,15.1638444,13.60181006,11.82992122,10.6422743,22.60000021,24.5999999,24.26598059,16.77630738,14.12422744,,,,,,,,
Estonia,EST,"Agriculture, forestry, and fishing, value added (% of GDP)",NV.AGR.TOTL.ZS,,,,,,5.059539893,4.738721609,4.515445011,5.320968914,3.946247186,4.323051086,4.229219637,3.766387716,3.603530508,3.447412697,3.100396335,2.719242036,3.032533865,2.444285196,2.121716961,2.793151738,3.403386508,3.193581486,2.989626547,3.047993697,2.714448941,2.20465847,2.458947234
Eswatini,SWZ,"Agriculture, forestry, and fishing, value added (% of GDP)",NV.AGR.TOTL.ZS,8.871486638,9.83193216,7.719655179,8.870007934,11.42108289,10.07948034,11.98418778,10.8705419,11.0243645,11.11877168,12.31597575,12.09922052,12.50254377,12.38526361,9.659472724,10.9717566,11.18421584,10.75417526,9.999453904,9.250385772,10.15621273,9.71988392,10.37835826,10.34281041,9.455607885,9.590903689,9.45804814,
Ethiopia,ETH,"Agriculture, forestry, and fishing, value added (% of GDP)",NV.AGR.TOTL.ZS,49.49124803,58.66606232,63.83133629,59.94529819,52.69945117,51.92470392,51.16536843,54.02898929,49.06190786,45.48546315,44.66601795,42.34057112,38.69237169,37.28505541,38.67975495,41.17449856,42.52417012,42.26501219,45.18455837,45.88269426,41.44682007,41.24996386,44.33094275,41.23950553,38.52044969,36.05697539,34.84491016,34.12213565
Faroe Islands,FRO,"Agriculture, forestry, and fishing, value added (% of GDP)",NV.AGR.TOTL.ZS,,,,,,,,,,,,,,,,,,,,,,,,,,,,
Fiji,FJI,"Agriculture, forestry, and fishing, value added (% of GDP)",NV.AGR.TOTL.ZS,17.95793434,18.25670421,17.58285627,17.01900456,17.92298309,17.1749612,17.30254351,14.78945453,14.3390953,16.35688704,14.93529897,12.95294028,13.2429248,12.43069492,12.26192516,11.96895703,12.26723952,11.78960718,10.69749506,10.0884444,9.381897376,9.217167443,9.675899672,10.11352173,9.836945167,9.423066667,11.13452938,
Finland,FIN,"Agriculture, forestry, and fishing, value added (% of GDP)",NV.AGR.TOTL.ZS,5.393912757,4.821646236,4.274501485,4.370947427,4.185395734,3.79682617,3.449931413,3.425201828,2.901596584,2.886001749,2.95755939,2.767988812,2.67585593,2.538777718,2.383942149,2.282418926,2.004472407,2.353363632,2.167145903,2.225057864,2.388027793,2.361468794,2.358941504,2.56813778,2.401277047,2.225625465,2.313079023,2.31565573
France,FRA,"Agriculture, forestry, and fishing, value added (% of GDP)",NV.AGR.TOTL.ZS,3.136835031,2.614350946,2.592788751,2.295732756,2.400694316,2.444772231,2.404281518,2.344255815,2.362459834,2.236261411,2.098357551,2.107008191,2.010858852,1.850164289,1.822690944,1.680101704,1.518490643,1.612992953,1.515223,1.323161997,1.604028289,1.650287193,1.631795037,1.458632177,1.55635616,1.605644387,1.450393257,1.509618385
French Polynesia,PYF,"Agriculture, forestry, and fishing, value added (% of GDP)",NV.AGR.TOTL.ZS,1.193186346,1.3198918,1.233007171,2.222444634,3.349083089,2.65372123,3.929324826,3.872644898,4.057685339,4.494117604,4.705882321,,,,,,,,,,,,,,,,,
Gabon,GAB,"Agriculture, forestry, and fishing, value added (% of GDP)",NV.AGR.TOTL.ZS,7.324447735,7.623666432,8.25138827,8.48423088,9.086015128,8.031674208,7.09283164,7.217522756,7.020793951,7.293625914,6.213624522,6.143932582,5.743861639,6.004020935,5.467291043,4.984638611,4.911200315,4.957830803,4.229842032,5.044766599,3.913379737,3.431760977,3.353675925,3.328922387,3.621374453,4.31116599,4.971963516,5.551052057
"Gambia, The",GMB,"Agriculture, forestry, and fishing, value added (% of GDP)",NV.AGR.TOTL.ZS,24.34255391,18.15887114,17.32568859,17.2064317,19.23072745,21.3587382,17.94588617,20.58034174,19.20353899,24.01224521,24.53228447,25.42563238,24.12493214,26.74829049,26.84870261,27.06588417,21.81601197,20.46143677,25.19887557,26.21874651,28.95268547,18.88546609,20.34344627,18.86433795,17.38033962,17.30367046,16.98617817,16.94051471
Georgia,GEO,"Agriculture, forestry, and fishing, value added (% of GDP)",NV.AGR.TOTL.ZS,30,26.5625,52.3458445,58.03170111,64.4758506,51.52005167,33.15164677,27.5075162,26.24347367,24.72227166,20.60208468,20.9615223,19.2410233,19.30122476,16.39492064,14.76966281,11.19910315,9.195883496,8.131430721,8.101488258,7.278747003,7.619655443,7.388350801,8.175897646,7.986501753,7.896645965,7.727417293,7.022794061
Germany,DEU,"Agriculture, forestry, and fishing, value added (% of GDP)",NV.AGR.TOTL.ZS,,1.063045955,0.965186513,0.916244889,0.927831109,0.946610634,0.992514224,0.982974851,0.931558841,0.912885979,0.953186423,1.039337569,0.855885828,0.783034846,0.908033929,0.686612832,0.705776664,0.74274937,0.804726475,0.660412636,0.647271769,0.73866495,0.702906905,0.87890625,0.689725726,0.555221527,0.553171864,0.634317496
Ghana,GHA,"Agriculture, forestry, and fishing, value added (% of GDP)",NV.AGR.TOTL.ZS,44.84761747,45.51047588,44.77905722,36.93086439,37.79058598,38.7785905,38.95508303,35.78159763,36.01410731,35.77634379,35.27152196,35.24180012,35.14837706,36.5454059,37.95242609,37.45301293,28.94894567,27.29411448,29.40809676,30.99338421,28.03873796,23.66370497,22.13115469,21.65795744,20.53776496,19.08154583,17.66640377,17.0201142
Gibraltar,GIB,"Agriculture, forestry, and fishing, value added (% of GDP)",NV.AGR.TOTL.ZS,,,,,,,,,,,,,,,,,,,,,,,,,,,,
Greece,GRC,"Agriculture, forestry, and fishing, value added (% of GDP)",NV.AGR.TOTL.ZS,,,,,,7.375806343,6.584926374,6.241635975,5.965048726,5.783494771,5.435248174,5.202702048,4.987113412,4.999783586,4.275407422,4.284223327,3.201238455,3.037347546,2.807249826,2.804954284,2.88403082,2.950715445,3.237727235,3.207292913,3.397811946,3.747923793,3.457229018,3.530861106
Greenland,GRL,"Agriculture, forestry, and fishing, value added (% of GDP)",NV.AGR.TOTL.ZS,,,,,,,,,,,,,,17.87762813,16.42477617,16.94566893,16.24608445,14.33132201,14.72839012,11.58610316,13.39820997,14.58080363,16.1929018,14.94717464,17.36193083,16.92823062,18.65574544,
Grenada,GRD,"Agriculture, forestry, and fishing, value added (% of GDP)",NV.AGR.TOTL.ZS,8.884799392,8.918703281,7.784764206,7.432770798,7.116571518,7.176464374,6.000852562,5.586352289,5.225801591,5.372240727,5.164801465,5.365900766,6.290519557,5.869748871,5.014335256,2.964868492,3.890554944,3.557082328,3.767323518,4.626409199,4.513174994,4.447833982,4.832211856,4.835402519,6.10173913,7.428340961,6.238367503,5.771603593
Guam,GUM,"Agriculture, forestry, and fishing, value added (% of GDP)",NV.AGR.TOTL.ZS,,,,,,,,,,,,,,,,,,,,,,,,,,,,
Guatemala,GTM,"Agriculture, forestry, and fishing, value added (% of GDP)",NV.AGR.TOTL.ZS,25.87915982,25.73998176,25.28504804,24.86610042,24.4872664,24.15072354,24.05609994,23.72674188,23.43989883,23.04635982,22.82114793,13.94663998,13.94371546,13.25952156,12.86188702,12.39202069,11.2646784,11.45160098,11.1504676,11.6577804,11.05423694,11.07484394,10.55373008,10.63302269,10.70032252,10.48103647,10.00943015,10.05815003
Guinea,GIN,"Agriculture, forestry, and fishing, value added (% of GDP)",NV.AGR.TOTL.ZS,24.68894706,18.26091127,16.55593554,17.39453488,20.1684387,18.51874687,17.39940732,20.11736419,21.16409858,21.49546542,20.98183124,21.74068348,21.63161471,20.7799679,23.31419591,22.28106496,15.58456342,16.81970923,15.98000719,16.36061888,17.48494873,16.06974963,16.83167319,17.54527212,17.52375585,18.4782419,17.82753308,16.2022967
Guinea-Bissau,GNB,"Agriculture, forestry, and fishing, value added (% of GDP)",NV.AGR.TOTL.ZS,56.9360486,51.27630026,47.83461913,52.8446109,52.260198,51.7975866,54.24518424,53.64573033,61.41625616,55.04083027,41.72867143,37.507955,41.8319889,42.34587922,41.99168143,44.35828842,42.26040256,43.17569289,46.66771695,43.99991803,45.0880468,45.02245856,46.89249801,44.13561102,41.13234658,46.78812528,46.34835901,49.15446499
Guyana,GUY,"Agriculture, forestry, and fishing, value added (% of GDP)",NV.AGR.TOTL.ZS,33.58442644,34.27637779,35.72885814,31.09717802,31.22468168,34.53115877,32.30343507,29.82151774,28.98927838,29.43840098,25.8453064,26.07262168,26.35101563,26.93821069,26.21937361,28.88586973,21.50192794,18.57356645,20.0166026,17.93452535,16.38828282,16.39508024,16.45325454,16.53607542,16.51570533,17.14921572,13.25891642,12.68191268
Haiti,HTI,"Agriculture, forestry, and fishing, value added (% of GDP)",NV.AGR.TOTL.ZS,,30.04187255,34.2204798,30.95198774,34.07506555,23.69688461,19.66714322,21.04299189,21.37863184,22.77830003,19.84668149,19.75638716,19.72896712,18.44858598,7.906926852,18.12703621,20.37384959,22.74695507,22.21494238,22.31815731,25.68560209,20.63012917,17.73401136,18.21183893,17.6138492,17.08219019,17.52794026,17.58762261
Honduras,HND,"Agriculture, forestry, and fishing, value added (% of GDP)",NV.AGR.TOTL.ZS,19.96490468,19.48020044,17.47872394,17.6913923,20.89252304,18.73250327,19.23664761,19.92792029,16.3164769,13.62068071,14.37252354,13.16599066,12.18341274,11.61409852,12.17070415,12.47092476,11.85657915,11.91104744,12.15017021,10.82504149,11.59122044,14.2196558,13.56629403,12.19112794,12.53835013,12.21597845,12.09721687,12.86503906
"Hong Kong SAR, China",HKG,"Agriculture, forestry, and fishing, value added (% of GDP)",NV.AGR.TOTL.ZS,,,,,,,,,,,0.087327038,0.089468051,0.088103282,0.075198799,0.073123561,0.067486943,0.062992608,0.061486979,0.05417318,0.065692529,0.053368402,0.048799905,0.054686683,0.057288366,0.066194544,0.067965375,0.076201152,
Hungary,HUN,"Agriculture, forestry, and fishing, value added (% of GDP)",NV.AGR.TOTL.ZS,,,,,,7.087337398,7.181770241,6.259623391,5.955183159,5.244395596,4.877231392,4.851057135,4.180394807,3.848744218,4.29363989,3.674270431,3.497235865,3.401661684,3.36333178,2.965425707,2.985891546,3.905357433,3.844969039,3.8520218,3.965532588,3.710182143,3.718718521,3.308764122
Iceland,ISL,"Agriculture, forestry, and fishing, value added (% of GDP)",NV.AGR.TOTL.ZS,,,,,,,,8.286577706,8.202402871,7.620807876,7.036444579,7.533352388,7.587067715,6.328569193,5.297667029,4.79895002,4.75377948,4.309239078,5.01246183,5.822295548,6.516663464,6.769751107,6.712581312,6.004095281,5.263232864,5.448539054,5.113944396,
India,IND,"Agriculture, forestry, and fishing, value added (% of GDP)",NV.AGR.TOTL.ZS,27.20563208,27.64743307,26.97636011,27.1908264,26.69197496,24.73800434,25.70921772,24.62522442,24.65907306,23.25323556,21.85736792,21.8690478,19.76128806,19.80569989,18.01945613,17.84226042,17.39411573,17.33146294,17.31009584,17.28272627,17.51735239,17.19197356,16.84537707,17.14842354,16.79193451,16.16798686,16.28459481,15.45026259
Indonesia,IDN,"Agriculture, forestry, and fishing, value added (% of GDP)",NV.AGR.TOTL.ZS,21.5487236,19.66180729,19.52141047,17.87984443,17.28626233,17.1383462,16.67234982,16.09209429,18.08287388,19.6126855,15.67870444,15.99491776,16.31966952,15.18534822,14.3357803,13.12661864,12.97380272,13.7166831,14.48174026,15.29014815,13.92921271,13.51228707,13.37397424,13.35669916,13.336755,13.49264356,13.47111092,13.14230142
"Iran, Islamic Rep.",IRN,"Agriculture, forestry, and fishing, value added (% of GDP)",NV.AGR.TOTL.ZS,12.49086056,12.01424155,12.05433007,10.39837071,10.55156234,12.61023614,10.34647723,9.8126995,11.55505789,9.914986215,9.068419327,8.310842002,7.825546897,7.451094561,6.889578469,6.501382209,7.118211241,7.185568231,6.122772591,6.924489615,6.499390726,5.447267004,7.618363371,9.753665091,9.78225738,10.48470358,9.637365545,10.07511841
Iraq,IRQ,"Agriculture, forestry, and fishing, value added (% of GDP)",NV.AGR.TOTL.ZS,8.248862346,15.61566584,19.87057417,15.50271431,20.11210342,20.58513659,18.59708233,8.456601885,10.9097071,7.203503924,4.634745507,6.930957055,8.562671712,8.405608293,6.938561306,6.886862735,5.826032905,4.929498276,3.847780195,5.229933191,5.162283547,4.563773437,4.124271438,4.768,4.898,4.749,5.1,4.7
Ireland,IRL,"Agriculture, forestry, and fishing, value added (% of GDP)",NV.AGR.TOTL.ZS,,,,,,5.769173243,4.838848686,3.905488966,3.477024605,2.573997781,2.504783587,1.993404216,1.733561958,1.477926698,1.572793637,1.031809575,0.918109414,1.039950256,0.84543693,0.554019503,0.957172032,1.209316733,0.991483707,1.124004067,1.287419843,0.893116682,0.924812868,
Isle of Man,IMN,"Agriculture, forestry, and fishing, value added (% of GDP)",NV.AGR.TOTL.ZS,,,,,,,,,,,,,,,,,,,,,,,,,,,,
Israel,ISR,"Agriculture, forestry, and fishing, value added (% of GDP)",NV.AGR.TOTL.ZS,,,,,,1.721572614,1.577225139,1.478987143,1.666091995,1.433363295,1.264912047,1.471491013,1.503392943,1.406119015,1.32671834,1.562610262,1.508104461,1.446343791,1.495207425,1.746635442,1.504694648,1.527658105,1.220620491,1.196776626,1.144539076,1.172456991,1.168163354,
Italy,ITA,"Agriculture, forestry, and fishing, value added (% of GDP)",NV.AGR.TOTL.ZS,3.165080735,3.221591968,3.100972722,2.982278533,2.975349495,2.961532144,2.95534653,2.838028637,2.754232829,2.71245516,2.552340849,2.484213061,2.364232213,2.350023326,2.344916781,2.029004672,1.939768549,1.890732495,1.866947588,1.789687098,1.771046631,1.885856467,1.964829089,2.094865939,1.940817123,2.018870252,1.89270567,1.92481403
Jamaica,JAM,"Agriculture, forestry, and fishing, value added (% of GDP)",NV.AGR.TOTL.ZS,,,,7.647249525,8.506510424,8.597089311,8.003410358,7.633852165,7.171235351,6.679597213,6.231900157,6.120735926,5.544304066,5.213862004,4.982165255,5.186240854,5.155826075,4.61760641,4.899122156,5.472273016,5.269431571,5.649208243,5.774068006,5.974953527,5.973132901,6.302290202,6.627715674,6.446565425
Japan,JPN,"Agriculture, forestry, and fishing, value added (% of GDP)",NV.AGR.TOTL.ZS,,,,,1.941848041,1.690047854,1.694956837,1.557318506,1.632520764,1.60053328,1.53599921,1.382606285,1.392110874,1.31480225,1.242328185,1.125363648,1.094291543,1.06090374,1.058408648,1.082612702,1.10225982,1.075418923,1.141795695,1.104187087,1.056266492,1.110292794,1.150329337,
Jordan,JOR,"Agriculture, forestry, and fishing, value added (% of GDP)",NV.AGR.TOTL.ZS,6.88157811,7.244759973,6.841183208,5.12947342,4.426221677,3.685332775,3.228007486,2.88742234,2.579244638,2.005763108,2.015430376,1.953629928,2.192165063,2.46702063,2.497694939,2.758459019,2.583805299,2.531506961,2.416386595,2.715173461,2.989309882,2.921789163,2.752003394,2.992380101,3.323553491,3.678573448,3.786918662,4.007840874
Kazakhstan,KAZ,"Agriculture, forestry, and fishing, value added (% of GDP)",NV.AGR.TOTL.ZS,,,23.34162521,16.4384453,14.94754749,12.32938601,12.15215514,11.40677903,8.565795103,9.88634864,8.110783885,8.724831864,7.995909093,7.862206027,7.122957988,6.369523016,5.495834862,5.660291519,5.315803247,6.146884987,4.51052753,4.988974156,4.288330156,4.50354557,4.329552462,4.710547419,4.556004271,4.431676626
Kenya,KEN,"Agriculture, forestry, and fishing, value added (% of GDP)",NV.AGR.TOTL.ZS,25.31413336,24.32014817,24.78128722,26.80801341,28.11535668,26.34961956,27.49252178,27.6939374,27.7449136,28.74407961,28.72178064,27.84926011,25.8539676,25.80443937,24.92904109,24.2362747,20.5196878,20.58666446,22.19634016,23.36040099,24.82621749,26.30365867,26.21053283,26.44332979,27.45094081,30.19240945,32.13532598,31.51679869
Kiribati,KIR,"Agriculture, forestry, and fishing, value added (% of GDP)",NV.AGR.TOTL.ZS,11.13333333,26.8252459,30.48276923,29.41652174,29.34853333,28.49907895,26.07835294,23.90967033,24.38567308,25.16448598,19.95974138,20.39860656,21.65499741,23.44767607,24.40159283,20.47154919,21.29205556,21.68166681,23.75540649,23.4271685,23.52469818,24.45567206,23.1259068,22.18167618,,,,
"Korea, Dem. People’s Rep.",PRK,"Agriculture, forestry, and fishing, value added (% of GDP)",NV.AGR.TOTL.ZS,,,,,,,,,,,,,,,,,,,,,,,,,,,,
"Korea, Rep.",KOR,"Agriculture, forestry, and fishing, value added (% of GDP)",NV.AGR.TOTL.ZS,7.601954962,6.815677679,6.600970332,5.900210176,5.659735635,5.337596995,4.995169813,4.519832389,4.276509466,4.314538664,3.943640951,3.691106594,3.354967177,3.143386245,3.184388809,2.840310577,2.695096116,2.445963021,2.261953502,2.347244674,2.236404101,2.285168018,2.234197271,2.129301336,2.123729198,2.085013853,1.927595923,1.961132074
Kosovo,XKX,"Agriculture, forestry, and fishing, value added (% of GDP)",NV.AGR.TOTL.ZS,,,,,,,,,,,,,,,,,11.45599409,13.55836212,14.79326439,14.13406723,13.60414395,12.7702478,12.20770493,11.98828763,11.88684329,10.32564708,10.45990644,9.326588682
Kuwait,KWT,"Agriculture, forestry, and fishing, value added (% of GDP)",NV.AGR.TOTL.ZS,,,,,,,,,,,,,,,,,,,,,0.451644694,0.438939019,0.359794919,0.355117519,0.450686941,0.537807521,0.567649359,
Kyrgyz Republic,KGZ,"Agriculture, forestry, and fishing, value added (% of GDP)",NV.AGR.TOTL.ZS,32.67576664,35.25769854,37.26507487,39.10583226,38.36445021,40.6816929,46.31762489,41.18760856,36.05528153,34.88161143,34.18759192,34.54109386,34.40484923,33.62217046,29.90444027,28.48327836,28.68029114,26.88021018,23.48553315,18.76073747,17.44825618,16.56531665,16.65419638,14.63787255,14.71866312,14.06076433,12.83447316,12.32825411
Lao PDR,LAO,"Agriculture, forestry, and fishing, value added (% of GDP)",NV.AGR.TOTL.ZS,46.46886347,43.95978492,46.7255909,43.41691705,44.08510354,42.2262356,40.49828878,51.85270624,33.93876567,34.31197936,33.63025103,32.68319294,33.3863041,32.08611458,30.52134752,28.29513534,26.72966991,25.78814868,24.17648143,24.20537708,22.59579413,20.79125519,18.54848657,17.93049843,17.84879178,17.58814396,17.23031013,16.19975986
Latvia,LVA,"Agriculture, forestry, and fishing, value added (% of GDP)",NV.AGR.TOTL.ZS,,,,,,7.90331339,6.814329752,5.091985279,3.942699767,3.865129114,4.579458434,4.5108816,4.618479109,4.060087613,4.291325014,3.808039754,3.295104537,3.32682174,2.971812313,3.305011162,3.940409684,3.449240229,3.272396345,3.280302431,3.341635842,3.642632393,3.424962359,3.402705607
Lebanon,LBN,"Agriculture, forestry, and fishing, value added (% of GDP)",NV.AGR.TOTL.ZS,,,,,6.466640634,6.794856428,6.183078443,6.705154639,6.088186929,6.196850093,6.237509608,5.863118728,5.662926018,5.486374897,3.782842672,3.539933315,4.440318948,4.871794872,4.48800408,3.928438206,3.847117351,3.790507189,3.73724007,3.980795251,4.080821917,3.454907048,3.454907048,3.530879409
Lesotho,LSO,"Agriculture, forestry, and fishing, value added (% of GDP)",NV.AGR.TOTL.ZS,12.16164968,7.324999864,9.077085406,8.330235572,8.262433407,8.780632296,7.689283279,7.003196532,8.322992802,8.784630254,7.827134815,8.298870587,6.395312833,6.346886124,5.984006756,5.671130405,4.842764809,4.981157427,5.208867431,5.736290954,5.12364823,5.152115086,4.997625923,5.924833697,5.621124851,4.969919445,5.198130482,
Liberia,LBR,"Agriculture, forestry, and fishing, value added (% of GDP)",NV.AGR.TOTL.ZS,54.37044745,55.60344828,51.27516779,50.6234414,52.42057489,81.82492582,93.97741531,76.95167286,78.6429366,76.18832051,76.07384807,76.53276392,79.04232044,72.24007212,65.04697704,66.03356364,63.81880072,65.59786974,65.1746005,58.03571042,44.79999994,44.30040119,38.80203976,37.22806062,35.76751118,34.37069813,34.19800095,34.19833179
Libya,LBY,"Agriculture, forestry, and fishing, value added (% of GDP)",NV.AGR.TOTL.ZS,,,,,,,,,,,,,5.185299093,4.09220702,3.342622913,2.51001098,2.220698634,2.180747484,1.84947245,,,,,,,,,
Liechtenstein,LIE,"Agriculture, forestry, and fishing, value added (% of GDP)",NV.AGR.TOTL.ZS,,,,,,,,,,,,,,,,,,,,,,,,,,,,
Lithuania,LTU,"Agriculture, forestry, and fishing, value added (% of GDP)",NV.AGR.TOTL.ZS,,,,,,9.874945758,10.93902432,9.420367274,7.661575105,6.382134996,5.579064579,4.868285789,4.768922089,4.417949334,4.168763579,4.323898889,3.860091838,3.47188573,3.280259245,2.532909399,2.990747408,3.473589059,4.017802469,3.579145785,3.42271329,3.440048183,2.986969321,3.090483883
Luxembourg,LUX,"Agriculture, forestry, and fishing, value added (% of GDP)",NV.AGR.TOTL.ZS,,,,,,0.91272315,0.810013529,0.740050725,0.804875978,0.722728092,0.622883964,0.595635322,0.72009596,0.503200155,0.554197548,0.355382298,0.339953523,0.408863949,0.31223559,0.253276965,0.247223517,0.252350037,0.359339088,0.27688434,0.265289363,0.230243008,0.242412113,0.281588798
"Macao SAR, China",MAC,"Agriculture, forestry, and fishing, value added (% of GDP)",NV.AGR.TOTL.ZS,,,,,,,,,,,,,,,,,,,,,,,,,,,,
"Macedonia, FYR",MKD,"Agriculture, forestry, and fishing, value added (% of GDP)",NV.AGR.TOTL.ZS,7.526703292,11.40658791,15.23614104,10.5432453,11.12513076,11.16112659,11.2208114,10.97319428,11.42491808,11.0630111,10.09668364,9.744723507,10.1705075,11.53840428,11.55399486,9.736194549,8.989368056,8.932416885,11.44351515,10.37016849,10.12083349,9.35077749,9.104933973,10.02747609,10.1777568,9.739359415,9.111492934,9.421770025
Madagascar,MDG,"Agriculture, forestry, and fishing, value added (% of GDP)",NV.AGR.TOTL.ZS,26.07247348,27.86974615,26.75303772,26.77258976,22.35301102,24.79892253,25.32781014,29.17445108,28.11428869,27.25279918,26.46665002,25.73192847,29.83364873,26.77054949,26.18135242,25.68026195,25.12616814,23.39397825,22.32026285,26.84322668,25.765248,25.96014745,25.7722428,24.2936863,24.34915681,23.48610758,21.34425586,
Malawi,MWI,"Agriculture, forestry, and fishing, value added (% of GDP)",NV.AGR.TOTL.ZS,38.48260597,39.64781066,34.93256277,44.78280462,22.34120948,26.86427914,31.41790374,30.31048807,32.19048749,34.40007686,35.66084815,35.28267377,38.81840596,36.2226653,34.71394761,32.91457648,30.86732465,27.51127902,29.97580655,30.42900297,29.61487225,28.77238042,28.28892624,28.67364219,28.70269876,27.48122386,25.92704341,26.09692424
Malaysia,MYS,"Agriculture, forestry, and fishing, value added (% of GDP)",NV.AGR.TOTL.ZS,15.21653328,14.35580915,14.57250748,13.78685545,13.66110713,12.94994426,11.68048051,11.1016874,13.31255031,10.84231595,8.599302471,8.010970591,8.984843898,9.306085216,9.271193484,8.262336647,8.609979641,9.986746491,9.968610854,9.219069273,10.08991593,11.45335312,9.793750746,9.113363845,8.873209013,8.460227533,8.655334439,8.784252893
Maldives,MDV,"Agriculture, forestry, and fishing, value added (% of GDP)",NV.AGR.TOTL.ZS,,,,,,11.46382104,10.73674212,9.851297399,9.548174367,9.19523204,8.760953095,6.419452634,6.224264936,5.311192989,5.584199425,7.7280315,6.595158404,6.165355602,6.875646747,5.419481767,5.634120626,5.385634654,5.190604789,5.413434052,5.307186336,5.704252814,5.880880875,
Mali,MLI,"Agriculture, forestry, and fishing, value added (% of GDP)",NV.AGR.TOTL.ZS,37.41767939,39.27466439,36.99633281,39.04665068,36.83569363,37.70895366,36.87920679,35.96217165,34.56067086,35.55571603,32.90186772,32.81360596,32.71418375,29.87662985,30.01550987,32.37848184,29.79050883,31.35287468,33.13234718,31.76663847,33.01683003,34.55863058,38.11410248,36.73205152,37.30995172,37.66155702,38.35325996,38.33930633
Malta,MLT,"Agriculture, forestry, and fishing, value added (% of GDP)",NV.AGR.TOTL.ZS,3.151768405,2.984883193,2.76372975,2.742970399,2.561109345,2.488511842,2.518681612,2.497373555,2.486973666,2.299809653,1.990944049,2.283587677,2.216499198,2.096064404,2.027859961,1.936951829,1.940179351,1.729917499,1.223750551,1.482422702,1.456170922,1.391523144,1.308785122,1.190574902,1.136066658,1.099760871,1.161707219,
Marshall Islands,MHL,"Agriculture, forestry, and fishing, value added (% of GDP)",NV.AGR.TOTL.ZS,,,,,,,,,,,,,,,9.455592401,8.49129181,8.531843969,8.77287081,9.855150049,12.21283597,15.0453836,15.18615454,21.13167102,20.32485905,15.67910702,14.33807067,15.92278252,
Mauritania,MRT,"Agriculture, forestry, and fishing, value added (% of GDP)",NV.AGR.TOTL.ZS,26.5546478,34.69066266,34.63466616,34.7580812,33.89818489,34.13531742,32.9997172,30.38942646,31.47495961,33.82822787,34.36617945,33.5908859,32.77899598,34.43928961,32.62519068,28.17206637,21.41657683,23.61854757,23.43875136,24.11179392,20.29326604,17.09226338,17.93135893,17.99607499,21.90662512,24.52318143,23.9901728,22.89448115
Mauritius,MUS,"Agriculture, forestry, and fishing, value added (% of GDP)",NV.AGR.TOTL.ZS,10.88742394,9.968899237,10.01264675,9.150986768,8.666090102,9.198120028,9.063082662,8.30904372,8.127657173,5.301021057,6.092255333,6.504727293,5.537275013,5.487069426,5.597999232,5.282158169,4.906447705,4.375986928,4.074876695,3.880639987,3.641742191,3.703647697,3.657270622,3.375429985,3.259178395,3.153993847,3.187929111,3.11055449
Mexico,MEX,"Agriculture, forestry, and fishing, value added (% of GDP)",NV.AGR.TOTL.ZS,7.180545488,6.882951342,6.111832043,5.100499868,4.616860562,4.424870707,4.868467241,4.450286752,4.15870216,3.68106669,3.323086312,3.403265348,3.278281855,3.387486496,3.339190436,3.073204185,3.07582586,3.181714703,3.160378789,3.2414941,3.219154517,3.088461653,3.173924884,3.13878371,3.135260044,3.200344552,3.353176427,3.421261448
"Micronesia, Fed. Sts.",FSM,"Agriculture, forestry, and fishing, value added (% of GDP)",NV.AGR.TOTL.ZS,,,,,,24.06714704,23.55225622,23.22693587,25.51931242,23.83852117,24.26655999,23.34353529,23.4795072,23.18632788,21.97205531,22.43964312,22.35469955,25.00488436,26.22820067,25.06063223,24.78094898,26.35130238,28.06367378,26.30949442,24.76459965,26.06010888,27.0794527,
Moldova,MDA,"Agriculture, forestry, and fishing, value added (% of GDP)",NV.AGR.TOTL.ZS,,,,,,29.27296062,27.48409732,25.96409331,26.69892436,24.88074577,25.40956974,22.67034991,21.02182945,18.32801705,17.5868607,16.39985255,14.49875718,9.983050397,8.810997886,8.496645273,12.04337193,12.25905404,11.21660324,12.32016715,13.04724141,12.23988316,12.10979933,12.20843392
Monaco,MCO,"Agriculture, forestry, and fishing, value added (% of GDP)",NV.AGR.TOTL.ZS,,,,,,,,,,,,,,,,,,,,,,,,,,,,
Mongolia,MNG,"Agriculture, forestry, and fishing, value added (% of GDP)",NV.AGR.TOTL.ZS,12.47383664,11.81156982,25.55710631,25.70936523,27.48261385,32.54282457,38.47700456,32.23688385,32.43336876,31.69783307,27.42253062,22.96888751,18.91912528,18.43951721,20.02977653,19.79796049,17.64367084,18.42796539,19.21512478,17.86443807,11.7325632,10.30735682,11.25802456,13.41406247,13.34122109,13.35614513,11.68175375,10.41891881
Montenegro,MNE,"Agriculture, forestry, and fishing, value added (% of GDP)",NV.AGR.TOTL.ZS,,,,,,,,,,,11.30187792,10.81120523,10.92378228,9.914987339,9.261922058,8.757659805,8.2114001,7.229074715,7.440486548,8.268183892,7.678082871,8.072948254,7.452452887,8.034660111,8.099840366,8.061185734,7.472332049,7.616040886
Morocco,MAR,"Agriculture, forestry, and fishing, value added (% of GDP)",NV.AGR.TOTL.ZS,15.09517541,17.49943674,14.04275721,13.06940743,17.25950772,13.49264985,18.4399801,14.63418013,16.11248841,13.86554305,11.87727963,13.19196193,13.20052173,13.92310593,13.16090455,11.81602994,13.60248084,10.86312603,11.95912179,13.02861922,12.94352454,13.11998751,12.3295604,13.38956681,11.67072284,12.79597403,12.0248711,13.05640264
Mozambique,MOZ,"Agriculture, forestry, and fishing, value added (% of GDP)",NV.AGR.TOTL.ZS,34.10351508,36.15679559,31.51083245,35.1856253,31.99542419,32.89190086,31.84928293,31.41057706,27.81744721,24.29020547,20.11453912,19.1721674,23.98301088,23.81730506,23.29668759,23.45883114,24.56195512,24.66740265,26.85623341,27.90098013,27.34390236,26.29588429,25.23251542,24.08148941,22.75043769,22.94397028,22.5472432,21.8361223
Myanmar,MMR,"Agriculture, forestry, and fishing, value added (% of GDP)",NV.AGR.TOTL.ZS,,,,,,,,,,,57.23864526,57.06919164,54.52833273,50.62056086,48.16509019,46.6872404,43.91895847,43.32276601,40.27509564,38.10812061,36.85307575,32.4961825,30.5901997,29.53372536,27.82971631,26.77179521,25.46388229,26.17895085
Namibia,NAM,"Agriculture, forestry, and fishing, value added (% of GDP)",NV.AGR.TOTL.ZS,9.008763575,9.920835402,7.044659807,7.495841714,10.21231654,9.533679884,9.433597413,8.618725434,8.693092315,8.880059081,10.76832572,9.704244906,10.00310401,10.20531528,8.942945248,10.37898239,9.668046939,8.546890728,7.630066906,8.253227706,8.577791536,8.231879363,8.0544752,6.344460829,6.689280673,5.882835179,6.099139742,6.923418196
Nauru,NRU,"Agriculture, forestry, and fishing, value added (% of GDP)",NV.AGR.TOTL.ZS,,,,,,,,,,,,,,,,,,,,,,,,3.371817937,3.154279115,3.642533202,,
Nepal,NPL,"Agriculture, forestry, and fishing, value added (% of GDP)",NV.AGR.TOTL.ZS,48.80289317,44.72338673,42.66526274,39.89594836,40.44170782,39.04140527,38.92765745,38.78073387,37.39300969,38.70148172,38.24389704,35.24763374,36.15029503,35.10587509,34.67635711,33.82489668,32.36648504,31.16441132,30.30571637,31.32265206,33.17937849,34.97915804,33.14800071,31.53460361,30.2671484,29.38294588,29.16985185,27.03708398
Netherlands,NLD,"Agriculture, forestry, and fishing, value added (% of GDP)",NV.AGR.TOTL.ZS,3.964394996,3.853972226,3.594934519,3.147947472,3.174440027,3.067243292,2.8305041,2.92414806,2.511590871,2.276310271,2.240096773,2.169516841,2.022240602,2.001298673,1.798873533,1.789926486,1.882212385,1.754500391,1.58003514,1.488486576,1.714615083,1.508253633,1.584868344,1.715516555,1.658501858,1.624388952,1.642801943,1.860555834
New Caledonia,NCL,"Agriculture, forestry, and fishing, value added (% of GDP)",NV.AGR.TOTL.ZS,3.624209765,3.618932215,3.619411403,3.70268401,3.876145873,3.547264747,3.483644496,3.67491288,,,,,,,,,,,,,,,,,,,,
New Zealand,NZL,"Agriculture, forestry, and fishing, value added (% of GDP)",NV.AGR.TOTL.ZS,7.583336616,8.367330824,8.241709127,8.713000237,7.742121169,7.572089157,7.672525494,7.269067109,7.014144364,7.333810243,8.906190023,9.086953819,6.945502696,6.64558276,6.357483922,5.622487495,6.17214372,8.091155283,7.241966701,7.87846652,8.641131768,8.156498985,7.237253531,8.575726966,6.265325837,5.486761103,,
Nicaragua,NIC,"Agriculture, forestry, and fishing, value added (% of GDP)",NV.AGR.TOTL.ZS,,,,,19.01922159,20.08038646,21.40552975,19.95677134,19.19095088,17.00021697,17.76550514,16.81332947,16.43011199,15.62590256,15.96882227,16.13789807,15.89966255,16.46133831,16.26278988,16.067651,16.9826368,18.88478839,17.61158347,16.49091121,16.70901738,15.96035263,14.92713251,15.46464033
Niger,NER,"Agriculture, forestry, and fishing, value added (% of GDP)",NV.AGR.TOTL.ZS,35.25318448,39.16308055,38.75356808,38.47354907,40.79962981,40.18960344,38.93400144,38.86856863,42.62248374,40.72911408,37.83973758,40.00701262,39.56901111,39.64724409,20.11638145,24.72846723,42.88051738,40.96804213,43.2054983,39.2143529,40.89837679,38.25071836,38.08200247,35.8009882,36.70579346,35.96916007,39.02210678,39.65230873
Nigeria,NGA,"Agriculture, forestry, and fishing, value added (% of GDP)",NV.AGR.TOTL.ZS,29.95721155,29.61796513,26.145724,32.41318493,36.9353569,30.85820651,30.06238708,32.80606922,37.55083629,34.04622925,25.28781046,32.48573027,47.09550069,41.4586067,33.4409089,32.39289741,31.7504788,32.27112594,32.35888213,36.40151195,23.52450989,22.03278234,21.78523155,20.75862282,19.99025477,20.63189348,20.98310971,20.84522644
Northern Mariana Islands,MNP,"Agriculture, forestry, and fishing, value added (% of GDP)",NV.AGR.TOTL.ZS,,,,,,,,,,,,,,,,,,,,,,,,,,,,
Norway,NOR,"Agriculture, forestry, and fishing, value added (% of GDP)",NV.AGR.TOTL.ZS,2.984023684,2.910692114,2.62774369,2.609422492,2.603642491,2.589593863,2.227169592,2.061815926,2.264200579,2.051827406,1.8222863,1.588408428,1.52155423,1.308645954,1.387276295,1.404163621,1.40508425,1.239416323,1.127258552,1.298865827,1.567235562,1.343179213,1.126350877,1.313445453,1.440159661,1.534131508,2.133407678,2.000330403
Oman,OMN,"Agriculture, forestry, and fishing, value added (% of GDP)",NV.AGR.TOTL.ZS,2.586302833,2.632544487,2.335052946,2.396119577,2.532562962,2.775527124,2.504128151,2.619262665,2.828746714,2.632209772,2.242487268,2.334443063,2.320236543,2.206006107,1.936649303,1.616601121,1.401865893,1.377473458,1.116230608,1.476461008,1.382238336,1.255260317,1.157501611,1.301347522,1.27224899,1.642802899,1.969331361,
Pakistan,PAK,"Agriculture, forestry, and fishing, value added (% of GDP)",NV.AGR.TOTL.ZS,23.0622831,22.9295266,23.42956047,22.34094825,22.92762045,23.42187937,23.19579581,24.48425079,25.30313827,25.16928551,24.13962899,22.45438283,21.74637868,21.726671,20.64948995,20.21966275,21.60797745,21.80047244,22.50026603,22.71733001,23.28158964,25.12918271,23.71024867,23.83211646,23.74454012,23.81706359,23.21519879,22.88088801
Palau,PLW,"Agriculture, forestry, and fishing, value added (% of GDP)",NV.AGR.TOTL.ZS,,,,,,,,,,,3.966017798,3.752915882,3.713909781,3.770850529,3.780198092,3.818586934,4.227928664,3.721111829,3.993592938,4.013030443,3.880033121,3.830947046,3.616118548,3.656645624,3.277769249,2.78586707,2.89739207,3.149264108
Panama,PAN,"Agriculture, forestry, and fishing, value added (% of GDP)",NV.AGR.TOTL.ZS,8.074135289,7.656276249,6.919693263,6.59005946,6.460789927,6.485933604,6.435148028,6.315491537,6.427343736,6.021101523,6.293273429,6.732166037,6.682700145,6.867910699,6.438375573,6.015579606,5.750459096,4.846703915,4.494664522,3.793229423,3.613065927,3.22939502,3.047575301,2.944490738,2.849850695,2.719288692,2.492646407,2.358688919
Papua New Guinea,PNG,"Agriculture, forestry, and fishing, value added (% of GDP)",NV.AGR.TOTL.ZS,28.9740589,25.97903262,24.47312337,27.56672351,32.36352458,33.81277544,31.64525292,35.03305271,33.69214209,34.25726649,33.96639208,34.41128094,37.99064819,38.34858793,35.96866281,,20.56321386,19.6085359,20.17644072,21.64433199,19.60931049,19.19938089,19.27341567,19.25986463,17.80479211,,,
Paraguay,PRY,"Agriculture, forestry, and fishing, value added (% of GDP)",NV.AGR.TOTL.ZS,,16.0012444,14.94895785,16.71891273,18.16377199,18.44378131,18.36500941,16.42797776,15.42465507,15.2761609,14.68026588,13.69289677,13.98516249,17.01098844,18.77147842,18.07967992,17.60105163,19.49326899,21.52642617,17.26256513,20.3713117,20.09810936,16.32783974,19.5441656,18.54024338,17.38099824,18.12240908,18.08183017
Peru,PER,"Agriculture, forestry, and fishing, value added (% of GDP)",NV.AGR.TOTL.ZS,,7.78741509,7.78064173,8.214749373,8.41558547,8.038216243,8.504048493,8.048158549,8.378335158,8.264501734,8.069374917,7.893626696,7.523963236,7.312919344,6.934433062,6.854264623,6.60348433,6.705808385,7.160941146,7.403906656,6.827997236,7.100110137,6.725234241,6.666911913,6.794390297,7.041147351,7.004914943,
Philippines,PHL,"Agriculture, forestry, and fishing, value added (% of GDP)",NV.AGR.TOTL.ZS,21.90381504,20.98282788,21.820875,21.60429229,22.00365992,21.6268414,20.61782145,18.87233218,14.75983528,15.2111204,13.96678166,13.20227217,13.14558688,12.70429545,13.30543649,12.66480319,12.36913484,12.49673576,13.24346014,13.08068262,12.3143278,12.7211609,11.83370589,11.25246645,11.33098427,10.2601852,9.655167348,9.658481922
Poland,POL,"Agriculture, forestry, and fishing, value added (% of GDP)",NV.AGR.TOTL.ZS,,,,,,5.535230922,5.126361828,4.462863768,3.841311798,3.219429456,3.093977233,3.220872464,2.694120651,2.581301053,3.266556778,2.897923002,2.669411043,3.006471007,2.535944805,2.485118874,2.565906823,2.831907094,2.664314099,2.873929851,2.613083501,2.202410592,2.379754627,1.677564056
Portugal,PRT,"Agriculture, forestry, and fishing, value added (% of GDP)",NV.AGR.TOTL.ZS,,,,,,4.789829703,4.563358894,3.823026061,3.534014647,3.283921391,3.107813368,2.955751486,2.721135472,2.64887017,2.596339467,2.29543855,2.247762336,1.995804163,1.960843837,1.942959343,1.924852231,1.8213977,1.907232622,2.080247254,2.028823187,2.050264308,1.896990963,1.902681206
Puerto Rico,PRI,"Agriculture, forestry, and fishing, value added (% of GDP)",NV.AGR.TOTL.ZS,1.418445788,1.391580415,1.212806194,1.113956233,0.930194356,0.746588339,0.828612883,1.324837577,1.098242812,1.069656472,1.084247137,0.885441652,0.760364964,0.806923667,0.600580314,0.570699794,0.559602961,0.480540824,0.553933991,0.588365665,0.835524909,0.792214021,0.803821797,0.826451928,0.846398779,0.828554393,0.80002285,
Qatar,QAT,"Agriculture, forestry, and fishing, value added (% of GDP)",NV.AGR.TOTL.ZS,,,,,,,,,,,0.372799554,0.37593985,0.256795869,0.234640393,0.181799294,0.133258478,0.121835107,0.109942375,0.124647567,0.123319456,0.117906612,0.096610131,0.094254449,0.096078212,0.117230483,0.159687633,0.183087805,0.185220699
Romania,ROU,"Agriculture, forestry, and fishing, value added (% of GDP)",NV.AGR.TOTL.ZS,21.80906866,18.87109215,19.03901015,20.99142535,19.88540057,18.05346951,17.42312557,17.38169107,14.28287692,12.56862908,10.80020621,13.04560574,11.31579637,11.50426316,12.49825124,8.380150973,7.725206863,5.440779152,6.295551081,6.144388484,5.452854717,6.394254446,4.667505253,5.396890138,4.724807661,4.185090054,4.085713259,4.371591066
Russian Federation,RUS,"Agriculture, forestry, and fishing, value added (% of GDP)",NV.AGR.TOTL.ZS,15.46103695,13.77189846,7.263364019,7.557203778,6.109561032,6.692334617,6.549457117,5.869797225,5.103437785,6.580693316,5.751752081,5.875710005,5.571472141,5.502946052,4.904441948,4.255916006,3.861312471,3.77890321,3.753345661,4.084450652,3.343901223,3.385779136,3.200116745,3.160548664,3.53805053,4.127595836,4.183360648,4.014348306
Rwanda,RWA,"Agriculture, forestry, and fishing, value added (% of GDP)",NV.AGR.TOTL.ZS,32.54599393,32.13270694,33.23761507,33.73489259,49.75874611,44.00044946,47.18929222,45.96095226,45.51746118,37.4367989,37.18671378,37.33609032,35.38654461,38.26104302,38.56080194,38.38802985,35.73279208,31.28322499,29.75690588,30.18801384,29.12242638,28.23009824,29.21966868,28.891371,28.75456418,28.00754295,29.30952494,30.95783893
Samoa,WSM,"Agriculture, forestry, and fishing, value added (% of GDP)",NV.AGR.TOTL.ZS,,,,,22.08274746,17.77812658,18.13490209,20.16169151,18.41417421,16.42762065,16.16182506,14.2879307,13.97631882,11.92862734,12.77994091,12.70210147,11.67243455,12.62570513,11.29305263,11.2704069,10.42193141,9.520185849,9.387308522,9.660031747,9.430261297,9.522192041,9.589887021,11.06422879
San Marino,SMR,"Agriculture, forestry, and fishing, value added (% of GDP)",NV.AGR.TOTL.ZS,,,,,,,,,,,,,,,,,,,,,,,,,,,,
Sao Tome and Principe,STP,"Agriculture, forestry, and fishing, value added (% of GDP)",NV.AGR.TOTL.ZS,,,,,,,,,,,,10.74545009,11.35446173,11.05253244,10.81782418,9.511984807,9.386531705,9.716800936,9.477674521,10.81444855,11.26200613,11.30013136,11.50249454,12.0339597,11.37520817,12.04983763,11.87322749,11.48944858
Saudi Arabia,SAU,"Agriculture, forestry, and fishing, value added (% of GDP)",NV.AGR.TOTL.ZS,5.707276319,5.432814265,5.606803839,6.069505427,6.149576888,5.886147938,5.41274054,5.373805079,6.159247821,5.67955272,4.921054779,5.17120896,5.077337944,4.504505021,3.901129877,3.22082662,2.948584157,2.77015987,2.316854073,2.854111914,2.640277023,2.171427783,2.079346435,2.157306454,2.226975025,2.6193879,2.685622395,2.543488777
Senegal,SEN,"Agriculture, forestry, and fishing, value added (% of GDP)",NV.AGR.TOTL.ZS,17.90867016,18.11393073,16.63914449,18.65237552,17.27933322,18.93841454,17.81111089,17.64358596,17.29878294,16.69880239,16.86102992,16.34434062,13.61900679,15.11242183,13.70323468,14.61155667,12.93743471,11.88239071,13.98141752,15.23537692,15.2905445,12.74665054,13.70525288,13.69653049,13.46186567,14.7722023,15.19346949,15.41829883
Serbia,SRB,"Agriculture, forestry, and fishing, value added (% of GDP)",NV.AGR.TOTL.ZS,,,,,,19.70435956,19.85245488,19.00907893,16.88998834,19.29063987,18.34420748,17.82050409,12.90675869,11.38379393,11.72504124,9.978330122,9.499527077,8.282376508,8.687979642,8.044293537,8.526001902,8.997858059,7.53298095,7.881524921,7.732599481,6.77284978,6.485026,6.008895835
Seychelles,SYC,"Agriculture, forestry, and fishing, value added (% of GDP)",NV.AGR.TOTL.ZS,4.809109857,4.777536488,3.82676031,4.174132595,4.131088883,4.173381265,3.895688345,3.491659599,2.630181489,3.10068203,2.829248854,2.825866279,2.885621599,2.636895547,3.457136596,3.254551734,2.980658674,2.746664742,2.568828031,2.256942686,2.260877403,2.221376932,2.044813074,2.667338884,2.369696672,2.045977434,2.009641488,
Sierra Leone,SLE,"Agriculture, forestry, and fishing, value added (% of GDP)",NV.AGR.TOTL.ZS,44.02862196,36.7450502,35.88728794,40.30245175,37.39516068,39.95456184,45.21014645,57.39560378,59.40206996,59.86649046,55.01416209,45.13635403,46.21424623,46.35657463,48.48605626,49.39145138,50.29408713,52.17604718,53.65350832,55.26088268,52.94268026,54.59346587,50.59211664,47.98330898,51.79252867,58.65189371,58.20874133,60.29595521
Singapore,SGP,"Agriculture, forestry, and fishing, value added (% of GDP)",NV.AGR.TOTL.ZS,0.323370772,0.250009229,0.197262802,0.172671562,0.17295511,0.144731741,0.149857316,0.132864006,0.111405233,0.111247939,0.092120881,0.082638377,0.071311469,0.061421645,0.055958114,0.055075115,0.049013137,0.042986207,0.041620646,0.040949339,0.036728997,0.034542245,0.033172299,0.033966491,0.034984017,0.031095003,0.029934187,0.026470907
Sint Maarten (Dutch part),SXM,"Agriculture, forestry, and fishing, value added (% of GDP)",NV.AGR.TOTL.ZS,,,,,,,,,,,,,,,,,,,,,,,,,,,,
Slovak Republic,SVK,"Agriculture, forestry, and fishing, value added (% of GDP)",NV.AGR.TOTL.ZS,,,,,,5.06069915,4.776391033,4.618786159,4.688795811,4.021965552,3.945098943,4.486351195,4.540966134,3.988214184,3.643655882,3.220065531,3.21277193,3.603085057,3.701760725,3.023237205,2.554865771,3.058866622,3.234017041,3.619861935,4.036925031,3.387079187,3.323899167,3.251865337
Slovenia,SVN,"Agriculture, forestry, and fishing, value added (% of GDP)",NV.AGR.TOTL.ZS,,,,,,3.680701052,3.469494557,3.535818783,3.391754371,2.843541134,2.893986176,2.607818478,2.799481005,2.111432384,2.282599211,2.285051148,1.991654279,1.875386927,1.654638761,1.655056813,1.726788455,1.989187496,1.793411657,1.798180665,2.016696936,2.025707226,1.88135706,1.823627218
Solomon Islands,SLB,"Agriculture, forestry, and fishing, value added (% of GDP)",NV.AGR.TOTL.ZS,27.32026144,44.4141658,45.93544315,44.29345752,44.89115513,42.28290366,39.08017464,39.52342603,35.63684442,34.00342906,33.19934965,24.44096483,30.44041301,39.03103103,36.83216982,33.78894343,35.0329468,,,,,,,,,,,
Somalia,SOM,"Agriculture, forestry, and fishing, value added (% of GDP)",NV.AGR.TOTL.ZS,62.74456519,,,,,,,,,,,,,,,,,,,,,,,,,,,
South Africa,ZAF,"Agriculture, forestry, and fishing, value added (% of GDP)",NV.AGR.TOTL.ZS,4.207097009,4.170112054,3.512690144,3.830397098,4.214955475,3.537162821,3.860002427,3.692557569,3.448135515,3.237963805,2.994745986,3.216383213,3.384390416,3.052348605,2.763467723,2.389623573,2.331412417,2.643372701,2.859484952,2.713427607,2.387365685,2.285475975,2.169490288,2.097756311,2.174706761,2.080835376,2.178173587,2.287746335
South Sudan,SSD,"Agriculture, forestry, and fishing, value added (% of GDP)",NV.AGR.TOTL.ZS,,,,,,,,,,,,,,,,,,,,,,,,,,,,
Spain,ESP,"Agriculture, forestry, and fishing, value added (% of GDP)",NV.AGR.TOTL.ZS,,,,,,3.890172139,4.392694962,4.299979346,4.155100155,3.81446907,3.738491296,3.650032593,3.455413673,3.381698429,3.073761928,2.712112843,2.356013151,2.440398702,2.289950503,2.182378606,2.336218181,2.27857656,2.309930132,2.510400285,2.433948083,2.524634305,2.511349799,2.592247577
Sri Lanka,LKA,"Agriculture, forestry, and fishing, value added (% of GDP)",NV.AGR.TOTL.ZS,26.68499557,27.08797056,26.12236113,24.88070331,23.97383949,23.14012307,22.53906328,21.94860064,21.16449052,20.72848094,19.92731504,20.0666052,14.27932254,13.23051488,12.54380414,11.81947682,11.33628023,11.68316433,13.37920077,12.6919713,8.496183463,8.831647575,7.449353063,7.666518107,8.006609793,8.184271461,7.479809316,7.706228126
St. Kitts and Nevis,KNA,"Agriculture, forestry, and fishing, value added (% of GDP)",NV.AGR.TOTL.ZS,3.64200304,3.979363258,4.204007534,4.070905523,3.438512601,3.030886106,2.915178374,3.199110564,2.378123869,1.826153502,1.549792049,1.726669518,1.77810165,1.795574702,1.797502042,1.673755058,1.203844221,1.181296268,1.287695946,1.201634935,1.401119965,1.481582847,1.424452807,1.305598925,1.142909018,1.032314746,0.950880432,1.066360885
St. Lucia,LCA,"Agriculture, forestry, and fishing, value added (% of GDP)",NV.AGR.TOTL.ZS,10.07327235,8.799182979,9.470804693,7.616332947,6.393829469,6.531557956,5.932883323,4.703954206,5.725227965,5.088768544,5.072397623,4.160237312,4.743464545,3.918281123,3.799137932,2.942165135,2.869600977,2.518896977,3.411150885,3.30954656,2.217782994,1.894882101,2.166586112,2.356366299,2.03811706,2.056023544,2.069315286,1.877719257
St. Martin (French part),MAF,"Agriculture, forestry, and fishing, value added (% of GDP)",NV.AGR.TOTL.ZS,,,,,,,,,,,,,,,,,,,,,,,,,,,,
St. Vincent and the Grenadines,VCT,"Agriculture, forestry, and fishing, value added (% of GDP)",NV.AGR.TOTL.ZS,14.17003936,12.47325737,13.22575096,9.787264704,7.069601818,9.197444185,8.155373129,6.449164465,7.058451966,6.939852695,7.429464946,6.281064052,6.360150344,5.527094414,5.202007645,5.474343284,5.269306766,5.650461661,5.641336476,5.918819648,6.07881727,6.360819379,6.162830704,6.480503136,6.629724208,6.237885463,6.955974843,6.922138837
Sudan,SDN,"Agriculture, forestry, and fishing, value added (% of GDP)",NV.AGR.TOTL.ZS,39.01958906,40.1843516,38.54295443,39.90006845,34.53070431,37.28028116,42.38485196,45.04224916,44.3945906,43.26549942,40.68217391,41.24523701,40.25748449,36.61714529,32.21098703,30.59881765,28.11853395,25.17637861,24.50800419,24.67041159,23.31053838,24.35917039,33.14337531,33.7625756,31.85123541,31.41855828,31.19998686,30.45323833
Suriname,SUR,"Agriculture, forestry, and fishing, value added (% of GDP)",NV.AGR.TOTL.ZS,8.086531033,8.81106402,11.15505026,18.87646615,16.32197791,13.80833619,14.82413007,11.7277991,9.941005291,8.53756228,10.16195717,9.935621303,6.847206959,6.540565047,5.329821819,4.918367347,10.18595615,10.35851631,9.13590431,10.04888137,9.697323439,8.933019651,8.567603748,8.68617867,9.384757719,9.211084834,9.329089128,8.741764422
Sweden,SWE,"Agriculture, forestry, and fishing, value added (% of GDP)",NV.AGR.TOTL.ZS,3.121800877,2.625695701,2.494559001,2.350117585,2.408805612,2.4506759,2.195106171,2.129739543,1.98968712,1.856108575,1.681679815,1.679129021,1.623502457,1.605709321,1.585603442,1.003971999,1.192869757,1.398460989,1.416371891,1.295480718,1.428155843,1.437109078,1.313069909,1.226289547,1.188872294,1.202635326,1.148519275,1.103196712
Switzerland,CHE,"Agriculture, forestry, and fishing, value added (% of GDP)",NV.AGR.TOTL.ZS,2.238130146,2.025985422,1.865249352,1.699792661,1.590440383,1.474905068,1.318157221,1.301033445,1.258405211,1.157341846,1.153637506,0.993411093,0.983641799,0.910374852,0.976286272,0.861322409,0.814904148,0.801680742,0.835978076,0.753587093,0.699118549,0.697310731,0.658862437,0.692951418,0.720956248,0.65085656,0.652610995,0.646585273
Syrian Arab Republic,SYR,"Agriculture, forestry, and fishing, value added (% of GDP)",NV.AGR.TOTL.ZS,28.28515846,30.6758804,31.71245594,29.0084712,27.8410831,28.20158501,27.71731342,25.77387181,29.38639511,24.13428528,24.1428166,25.87601609,25.70898282,24.69373829,22.26657405,20.72644211,20.99843106,19.5368679,,,,,,,,,,
Tajikistan,TJK,"Agriculture, forestry, and fishing, value added (% of GDP)",NV.AGR.TOTL.ZS,33.33333333,36.09467456,29.52086553,20.97983198,19.07259486,36.69300476,36.02770314,32.00241766,25.10350071,25.38952474,25.12367913,23.80829703,22.23518839,24.21077019,19.22428424,21.19175833,21.44987945,19.43320959,19.86728861,18.5520033,19.58667751,23.83550984,23.32681656,20.43032509,23.44601054,21.9360517,20.37906339,
Tanzania,TZA,"Agriculture, forestry, and fishing, value added (% of GDP)",NV.AGR.TOTL.ZS,42.04694153,43.85518189,44.70485693,44.82485442,41.58496338,43.6503559,44.0136032,42.60190213,31.47843813,32.10248167,31.30949037,30.6568022,30.26827403,30.2909079,30.94471267,28.61503174,29.03898378,26.82570345,28.78908068,30.23768303,29.90719393,29.35457698,31.0829264,31.18845299,28.81294907,28.99884708,29.23375989,30.1323536
Thailand,THA,"Agriculture, forestry, and fishing, value added (% of GDP)",NV.AGR.TOTL.ZS,12.49962783,12.6498266,12.29733574,8.027850375,8.629038598,9.082752811,9.065074521,9.066834186,10.26244699,8.895823038,8.502900397,8.582504851,8.696025949,9.44456985,9.294173322,9.198074335,9.406123689,9.350609229,10.07543887,9.790233755,10.52516753,11.5946519,11.50702522,11.32486762,10.09162981,8.992772027,8.504765722,8.655681155
Timor-Leste,TLS,"Agriculture, forestry, and fishing, value added (% of GDP)",NV.AGR.TOTL.ZS,,,,,,,,,,,23.72011144,19.88413271,22.67737587,22.38023401,12.5829232,7.371578258,5.484757606,5.625456337,4.400459594,5.65785984,5.655381711,4.079524504,4.456592178,5.230119896,7.36117864,8.931905131,11.3529404,
Togo,TGO,"Agriculture, forestry, and fishing, value added (% of GDP)",NV.AGR.TOTL.ZS,33.75411482,32.82417093,35.26324642,44.143647,34.92287991,37.76285037,40.83710311,42.19238597,34.96374082,36.93322318,35.14112169,37.71936035,38.19171067,35.79569812,36.23331063,39.40855815,35.8837052,35.82352891,40.70809912,32.91183395,31.03244507,30.76088842,42.59993034,39.71648284,41.96838168,40.66192797,41.38426078,41.2895706
Tonga,TON,"Agriculture, forestry, and fishing, value added (% of GDP)",NV.AGR.TOTL.ZS,29.91315339,30.65479663,32.78560674,34.11018939,21.83404151,21.41222219,20.60974843,20.53227287,21.61721506,22.71786338,19.95004432,18.35682852,18.21373323,19.21435825,20.4429856,17.81855105,15.75924114,16.70938027,14.75237092,15.34056661,16.40241336,17.03225806,16.71246565,17.58382391,17.05407085,17.62203049,17.21191681,
Trinidad and Tobago,TTO,"Agriculture, forestry, and fishing, value added (% of GDP)",NV.AGR.TOTL.ZS,2.54097219,2.477104076,2.53567551,2.514917817,2.22232078,2.31282988,2.084911498,2.167228406,2.058058584,1.935923113,1.357193887,1.286377056,1.398472198,0.947884613,0.761483946,0.48399919,0.566876991,0.371661708,0.365514424,0.595145826,0.520146105,0.45654257,0.364138296,0.371828624,0.348942732,0.446716295,0.497159568,0.477871152
Tunisia,TUN,"Agriculture, forestry, and fishing, value added (% of GDP)",NV.AGR.TOTL.ZS,15.72066533,16.72070364,16.12237155,14.70913183,12.55801895,11.36654195,13.71320078,11.23460342,10.60074514,10.60633896,10.00635335,9.421826028,8.29843107,9.291471251,9.902519658,9.169831148,9.280405265,8.643354567,7.850502463,8.297260265,7.53459309,8.534675511,9.085856748,8.894244525,9.059041961,10.19476423,9.220992987,
Turkey,TUR,"Agriculture, forestry, and fishing, value added (% of GDP)",NV.AGR.TOTL.ZS,17.47622883,15.24707558,14.98366515,15.41601856,15.46283477,15.69320308,16.85455609,14.46115269,12.45928753,10.47831161,10.08149832,8.853831148,10.26876554,9.882144498,9.421651664,9.254761115,8.161853143,7.518461013,7.484180533,8.129997566,9.026066667,8.235213297,7.752758803,6.725324576,6.589728231,6.903473842,6.183746435,6.075887711
Turkmenistan,TKM,"Agriculture, forestry, and fishing, value added (% of GDP)",NV.AGR.TOTL.ZS,33.33333333,32.20338983,10.875,18.16367265,32.68348624,16.21165644,12.62948773,20.23620913,25.15898535,24.84044675,22.53877082,23.09804465,20.93280283,19.11960273,18.35545923,18.53095958,17.19632825,18.85481481,10.72164948,10.51535297,11.34054256,8.884354558,8.501466802,8.474394207,8.295443552,9.300176299,,
Turks and Caicos Islands,TCA,"Agriculture, forestry, and fishing, value added (% of GDP)",NV.AGR.TOTL.ZS,,,,,,,,,,,,,,,,,,,,,,,,,,,,
Tuvalu,TUV,"Agriculture, forestry, and fishing, value added (% of GDP)",NV.AGR.TOTL.ZS,25.60813799,24.17034018,23.16448063,23.57551366,23.5847156,24.0419524,25.99491204,24.67393591,21.76968229,20.71161561,17.92231134,18.3133314,17.37818707,17.38496291,18.68238444,20.38582713,22.78809798,23.23860822,22.10899424,24.17911307,26.74814089,26.1489686,20.49673173,19.57636686,18.96293519,16.50809413,,
Uganda,UGA,"Agriculture, forestry, and fishing, value added (% of GDP)",NV.AGR.TOTL.ZS,53.2829074,49.37254064,48.20294349,48.28488218,46.16984867,45.29538761,41.03720152,38.11995975,38.25104851,34.78597875,27.50910688,27.85024148,23.433428,24.50702258,21.67035264,25.07493613,24.03493298,22.27811368,21.38459856,26.14617558,26.23553733,25.06252981,26.08152859,25.47995235,25.0743798,23.9815828,23.70811244,24.89675137
Ukraine,UKR,"Agriculture, forestry, and fishing, value added (% of GDP)",NV.AGR.TOTL.ZS,24.44803446,24.61261021,20.85301277,21.5406716,14.57239671,13.76975949,12.22905066,12.51539627,12.06807441,11.87500936,14.49050391,14.47181547,13.02776671,10.86951643,10.81935482,9.159093174,7.563497766,6.570273791,6.871745973,7.199689055,7.44756547,8.196595207,7.815720287,8.78638928,10.15460815,12.05937611,11.63138191,10.23138401
United Arab Emirates,ARE,"Agriculture, forestry, and fishing, value added (% of GDP)",NV.AGR.TOTL.ZS,1.058428475,1.297768008,1.378621078,1.480901077,1.830425017,1.787068305,1.792431872,2.004021865,2.180890491,2.333245197,2.262650093,2.238200162,2.203322589,1.927683933,1.665361909,1.395413347,1.094244002,0.976671168,0.827305464,1.036886889,0.763452742,0.671910149,0.638882185,0.643763044,0.639504607,0.740999247,0.776054568,0.763056697
United Kingdom,GBR,"Agriculture, forestry, and fishing, value added (% of GDP)",NV.AGR.TOTL.ZS,1.330637368,1.305325017,1.294580746,1.306086496,1.350195184,1.297676002,1.12964257,0.99867441,0.905963917,0.847092146,0.781724145,0.748448906,0.727699889,0.766749672,0.775136994,0.578843122,0.56217051,0.569321831,0.63339962,0.550755262,0.659355127,0.609946289,0.603480247,0.65373164,0.639227201,0.592777078,0.537102884,0.516676662
United States,USA,"Agriculture, forestry, and fishing, value added (% of GDP)",NV.AGR.TOTL.ZS,,,,,,,,1.334861762,1.21341268,1.150805217,1.149768507,1.128283843,0.969255589,1.130047834,1.251319511,1.140012491,1.021918465,1.051659881,1.115759283,1.024892905,1.138411756,1.324446392,1.202428826,1.380333118,1.217616938,1.069936278,1.014459914,
Uruguay,URY,"Agriculture, forestry, and fishing, value added (% of GDP)",NV.AGR.TOTL.ZS,9.208457677,8.497830722,8.815643711,7.366757862,7.925336057,8.616111364,8.016058205,6.800472391,7.044928186,6.033658417,6.203816124,5.778037725,7.732629412,9.804190895,11.18425535,8.745836745,8.913845239,8.499364185,9.168924036,7.886996095,7.202064503,8.829161991,8.121772491,7.616200623,6.735462175,6.131441946,5.891939729,5.160294099
Uzbekistan,UZB,"Agriculture, forestry, and fishing, value added (% of GDP)",NV.AGR.TOTL.ZS,33.11399181,37.09319196,35.13918535,27.58508869,34.34559848,28.04992151,22.36475614,28.19861184,26.8,29.02295341,30.05620833,29.97309914,30.12272619,28.58983578,26.44400946,25,25.07940866,23.23589926,19.6896058,18.63268497,17.99375845,17.79767966,17.6492633,17.42556563,17.0990165,16.61404018,16.1149317,17.31974934
Vanuatu,VUT,"Agriculture, forestry, and fishing, value added (% of GDP)",NV.AGR.TOTL.ZS,20.87692806,16.55999621,16.19981116,18.07408055,16.28335227,16.44358006,17.60067175,16.74536256,26.09722554,24.84678538,22.96413023,23.5298826,24.26547026,22.82948157,23.59875499,22.27449708,20.9840989,20.55965582,20.19251059,19.76074571,20.72535045,22.88036347,25.01553546,24.99241455,25.19561618,26.60491141,,
"Venezuela, RB",VEN,"Agriculture, forestry, and fishing, value added (% of GDP)",NV.AGR.TOTL.ZS,5.386174379,5.46855903,5.309182111,5.348152429,5.042885526,5.208777947,4.226175132,4.495492005,4.950432155,4.351061428,3.932985731,4.231512485,3.847046192,4.31314644,3.718817184,3.695183232,3.656804634,3.813539389,4.158416116,5.662177795,5.375265166,5.012930064,5.016368634,4.902550073,5.026753566,,,
Vietnam,VNM,"Agriculture, forestry, and fishing, value added (% of GDP)",NV.AGR.TOTL.ZS,38.73674175,40.48913398,33.93858792,29.86995394,27.42782887,27.18268878,27.75882604,25.77170679,25.78078041,25.43443799,24.534582,23.24104759,23.02944218,22.54243671,21.80769935,19.29997888,18.72678545,18.6550997,20.41314392,19.16845987,18.37848058,19.56775113,19.221401,17.96358637,17.69919977,16.992212,16.31964409,15.33911611
Virgin Islands (U.S.),VIR,"Agriculture, forestry, and fishing, value added (% of GDP)",NV.AGR.TOTL.ZS,,,,,,,,,,,,,,,,,,,,,,,,,,,,
West Bank and Gaza,PSE,"Agriculture, forestry, and fishing, value added (% of GDP)",NV.AGR.TOTL.ZS,,,,,13.26275806,11.81917875,13.01618958,11.41816054,11.71394857,10.6504027,9.681008902,8.472163249,8.031947804,6.980846774,6.929686778,5.242352746,5.449990835,6.420502016,6.266576759,5.96846537,5.583915809,5.967282665,4.651843183,4.146361013,3.884991664,3.55164523,3.155887589,
"Yemen, Rep.",YEM,"Agriculture, forestry, and fishing, value added (% of GDP)",NV.AGR.TOTL.ZS,24.38056746,23.12413417,24.17753092,22.55313933,24.96181437,20.53383296,16.72812731,16.19026184,19.56317279,16.43483208,13.76784717,14.11544786,13.34206955,12.8770235,11.73033638,10.54766696,10.14691811,9.855416829,8.700804559,10.02131756,8.162181572,8.533169223,8.43814382,7.867396368,7.819415484,10.3484434,15.93393535,
Zambia,ZMB,"Agriculture, forestry, and fishing, value added (% of GDP)",NV.AGR.TOTL.ZS,18.20257632,15.81402977,21.26754851,30.47873046,11.8265026,14.0893721,13.29824478,13.98254848,15.86841123,18.18997166,16.14977346,15.52748224,15.36142994,15.61709962,15.58094288,14.58855137,13.20627106,12.10559624,11.45399975,11.55278363,9.420989776,9.647775853,9.321531002,8.226563713,6.779609272,4.98082954,6.228470416,7.164441058
Zimbabwe,ZWE,"Agriculture, forestry, and fishing, value added (% of GDP)",NV.AGR.TOTL.ZS,14.83204676,13.54690597,6.75157042,13.73790751,17.08007706,13.46596889,19.34262298,16.69573065,18.89032032,15.48126672,15.66706342,15.62707072,12.56836756,14.79335521,18.06379683,17.14823974,19.23011578,21.19768854,19.02107406,12.04365639,11.41000403,10.10090821,9.666898632,8.827170704,10.7289486,10.14307203,9.73528192,10.4582331
,,,,,,,,,,,,,,,,,,,,,,,,,,,,,,,
,,,,,,,,,,,,,,,,,,,,,,,,,,,,,,,
,,,,,,,,,,,,,,,,,,,,,,,,,,,,,,,
Data from database: World Development Indicators,,,,,,,,,,,,,,,,,,,,,,,,,,,,,,,
Last Updated: 09/21/2018,,,,,,,,,,,,,,,,,,,,,,,,,,,,,,,
